simulation_loop,species,coexistence_partition,coexistence_strength
1,balanus_glandula,delta_0,0.05144148231338341
1,chthamalus_dalli,delta_0,0.1646934386178729
1,limpets,delta_0,0.0031518261064023
1,balanus_glandula,delta_c,0.6460107085176239
1,chthamalus_dalli,delta_c,0.5023801063270754
1,limpets,delta_c,-0.5884691966204658
1,balanus_glandula,delta_p,0.05119831596112889
1,chthamalus_dalli,delta_p,0.16793415346047214
1,limpets,delta_p,0.0030476569912487594
1,balanus_glandula,r_bar,0.9612115398565635
1,chthamalus_dalli,r_bar,0.08674167838486468
1,limpets,r_bar,-0.5907659504107887
1,balanus_glandula,delta_cp,0.2125610330644273
1,chthamalus_dalli,delta_cp,-0.7482660200205558
1,limpets,delta_cp,-0.008496236887973962
2,balanus_glandula,delta_0,0.0557675526453848
2,chthamalus_dalli,delta_0,0.15539147216127014
2,limpets,delta_0,0.003442703763729238
2,balanus_glandula,delta_c,0.3550006663813663
2,chthamalus_dalli,delta_c,0.6180230683846446
2,limpets,delta_c,-0.6120865555766333
2,balanus_glandula,delta_p,0.055905891499290705
2,chthamalus_dalli,delta_p,0.15844407456969267
2,limpets,delta_p,0.0033241521318427836
2,balanus_glandula,r_bar,0.6011727987455879
2,chthamalus_dalli,r_bar,0.0815111662011585
2,limpets,r_bar,-0.5479477967354012
2,balanus_glandula,delta_cp,0.13449868821954614
2,chthamalus_dalli,delta_cp,-0.8503474489144489
2,limpets,delta_cp,0.05737190294566008
3,balanus_glandula,delta_0,0.07037681533647056
3,chthamalus_dalli,delta_0,0.15467422484877524
3,limpets,delta_0,0.00336968916351299
3,balanus_glandula,delta_c,0.6389550713533949
3,chthamalus_dalli,delta_c,0.21960011449374406
3,limpets,delta_c,-0.6605667106762356
3,balanus_glandula,delta_p,0.06998320581991457
3,chthamalus_dalli,delta_p,0.1583222087812297
3,limpets,delta_p,0.0032707619280913924
3,balanus_glandula,r_bar,0.3574200379361887
3,chthamalus_dalli,r_bar,0.14325744229320136
3,limpets,r_bar,-0.5815659858160962
3,balanus_glandula,delta_cp,-0.42189505457359133
3,chthamalus_dalli,delta_cp,-0.38933910583054765
3,limpets,delta_cp,0.07236027376853504
4,balanus_glandula,delta_0,0.06280927135361192
4,chthamalus_dalli,delta_0,0.16614477040517417
4,limpets,delta_0,0.0031636882282845002
4,balanus_glandula,delta_c,0.7847489417467512
4,chthamalus_dalli,delta_c,0.6541524293548129
4,limpets,delta_c,-0.5635345428222152
4,balanus_glandula,delta_p,0.06261923241890877
4,chthamalus_dalli,delta_p,0.17011440124747224
4,limpets,delta_p,0.0030670041635423306
4,balanus_glandula,r_bar,0.6475488980008761
4,chthamalus_dalli,r_bar,0.8051587592247207
4,limpets,r_bar,-0.5878072887734065
4,balanus_glandula,delta_cp,-0.2626285475183958
4,chthamalus_dalli,delta_cp,-0.1852528417827386
4,limpets,delta_cp,-0.030503438343018163
5,balanus_glandula,delta_0,0.06568292703514533
5,chthamalus_dalli,delta_0,0.15366070057821002
5,limpets,delta_0,0.0034807868418189614
5,balanus_glandula,delta_c,0.7234190195148973
5,chthamalus_dalli,delta_c,0.12838069657353923
5,limpets,delta_c,-0.7333029007192187
5,balanus_glandula,delta_p,0.06582104016880708
5,chthamalus_dalli,delta_p,0.15724077642455891
5,limpets,delta_p,0.0033802024697457966
5,balanus_glandula,r_bar,0.4225102247867796
5,chthamalus_dalli,r_bar,0.1328472120270734
5,limpets,r_bar,-0.6203298518693543
5,balanus_glandula,delta_cp,-0.4324127619320701
5,chthamalus_dalli,delta_cp,-0.3064349615492348
5,limpets,delta_cp,0.10611205953829961
6,balanus_glandula,delta_0,0.06047366584234448
6,chthamalus_dalli,delta_0,0.17077354834226555
6,limpets,delta_0,0.0038885203512486477
6,balanus_glandula,delta_c,0.5983423307430751
6,chthamalus_dalli,delta_c,0.0032020179951688377
6,limpets,delta_c,-0.5689442352356218
6,balanus_glandula,delta_p,0.06058878878893603
6,chthamalus_dalli,delta_p,0.1745404834808415
6,limpets,delta_p,0.0037352923228466395
6,balanus_glandula,r_bar,0.6121266322964807
6,chthamalus_dalli,r_bar,0.11064759560604776
6,limpets,r_bar,-0.6337635569190294
6,balanus_glandula,delta_cp,-0.10727815307787492
6,chthamalus_dalli,delta_cp,-0.23786845421222813
6,limpets,delta_cp,-0.07244313435750294
7,balanus_glandula,delta_0,0.05979149337092271
7,chthamalus_dalli,delta_0,0.14792574075502984
7,limpets,delta_0,0.00315794735730901
7,balanus_glandula,delta_c,0.6218333365195488
7,chthamalus_dalli,delta_c,0.08299214367040308
7,limpets,delta_c,-0.5541767857913249
7,balanus_glandula,delta_p,0.05995665110821191
7,chthamalus_dalli,delta_p,0.15140227392186567
7,limpets,delta_p,0.0030537604244225136
7,balanus_glandula,r_bar,0.528212931484821
7,chthamalus_dalli,r_bar,0.05791762906460618
7,limpets,r_bar,-0.694918989545751
7,balanus_glandula,delta_cp,-0.21336854951386242
7,chthamalus_dalli,delta_cp,-0.3244025292826924
7,limpets,delta_cp,-0.14695391153615767
8,balanus_glandula,delta_0,0.0548981663807564
8,chthamalus_dalli,delta_0,0.1549235743568369
8,limpets,delta_0,0.003198724449814283
8,balanus_glandula,delta_c,0.9549224428097756
8,chthamalus_dalli,delta_c,0.059976151307164605
8,limpets,delta_c,-0.5579980111014307
8,balanus_glandula,delta_p,0.05508770979956279
8,chthamalus_dalli,delta_p,0.15835526127679156
8,limpets,delta_p,0.0030905002334320475
8,balanus_glandula,r_bar,0.6863450015880359
8,chthamalus_dalli,r_bar,0.18735609883711524
8,limpets,r_bar,-0.49982475423530826
8,balanus_glandula,delta_cp,-0.37856331740205884
8,chthamalus_dalli,delta_cp,-0.18589888810367783
8,limpets,delta_cp,0.05188403218287607
9,balanus_glandula,delta_0,0.0612215341511948
9,chthamalus_dalli,delta_0,0.15090256385848888
9,limpets,delta_0,0.0033233829432712803
9,balanus_glandula,delta_c,0.5961068043196751
9,chthamalus_dalli,delta_c,0.10265335560249089
9,limpets,delta_c,-0.6394226263676537
9,balanus_glandula,delta_p,0.06139634080053824
9,chthamalus_dalli,delta_p,0.15434898887984394
9,limpets,delta_p,0.003227845051386069
9,balanus_glandula,r_bar,0.8849954323410518
9,chthamalus_dalli,r_bar,0.13667642800859148
9,limpets,r_bar,-0.6410272743358738
9,balanus_glandula,delta_cp,0.16627075306964367
9,chthamalus_dalli,delta_cp,-0.27122848033223224
9,limpets,delta_cp,-0.008155875962877479
10,balanus_glandula,delta_0,0.09994477130646351
10,chthamalus_dalli,delta_0,0.1455716956662949
10,limpets,delta_0,0.0032300953212798245
10,balanus_glandula,delta_c,1.0363935351373885
10,chthamalus_dalli,delta_c,0.1642659812535845
10,limpets,delta_c,-0.6067145758914796
10,balanus_glandula,delta_p,0.10002797384549733
10,chthamalus_dalli,delta_p,0.14777647019732498
10,limpets,delta_p,0.0030889736687329528
10,balanus_glandula,r_bar,0.7757691519102285
10,chthamalus_dalli,r_bar,0.07621107411269157
10,limpets,r_bar,-0.6372180162441226
10,balanus_glandula,delta_cp,-0.4605971283791208
10,chthamalus_dalli,delta_cp,-0.3814030730045128
10,limpets,delta_cp,-0.03682250934265574
11,balanus_glandula,delta_0,0.07815190121323434
11,chthamalus_dalli,delta_0,0.15549333185215453
11,limpets,delta_0,0.003042876074949019
11,balanus_glandula,delta_c,1.0463075065322074
11,chthamalus_dalli,delta_c,-0.11534610062329742
11,limpets,delta_c,-0.6299203995467728
11,balanus_glandula,delta_p,0.07823381464913148
11,chthamalus_dalli,delta_p,0.1585375388651442
11,limpets,delta_p,0.00293368182858722
11,balanus_glandula,r_bar,0.6787120385978898
11,chthamalus_dalli,r_bar,-0.03010689149430923
11,limpets,r_bar,-0.7617300395407356
11,balanus_glandula,delta_cp,-0.5239811837966835
11,chthamalus_dalli,delta_cp,-0.22879166158831055
11,limpets,delta_cp,-0.13778619789749902
12,balanus_glandula,delta_0,0.06615879249956569
12,chthamalus_dalli,delta_0,0.1566553434268363
12,limpets,delta_0,0.0034681590496248305
12,balanus_glandula,delta_c,0.780043007226835
12,chthamalus_dalli,delta_c,-0.1299487197796496
12,limpets,delta_c,-0.5980358972461501
12,balanus_glandula,delta_p,0.06625374084807611
12,chthamalus_dalli,delta_p,0.1602337522005406
12,limpets,delta_p,0.0033650305295014338
12,balanus_glandula,r_bar,0.7146639406155015
12,chthamalus_dalli,r_bar,0.13852191214077325
12,limpets,r_bar,-0.5200026832396207
12,balanus_glandula,delta_cp,-0.19779159995897522
12,chthamalus_dalli,delta_cp,-0.04841846370695402
12,limpets,delta_cp,0.07120002442740314
13,balanus_glandula,delta_0,0.058533005092624935
13,chthamalus_dalli,delta_0,0.16853435605191014
13,limpets,delta_0,0.003300597084882395
13,balanus_glandula,delta_c,0.557528662196632
13,chthamalus_dalli,delta_c,-0.06706761803397954
13,limpets,delta_c,-0.7129146711825609
13,balanus_glandula,delta_p,0.05869130004971357
13,chthamalus_dalli,delta_p,0.16978879378013523
13,limpets,delta_p,0.0031986906269581006
13,balanus_glandula,r_bar,0.21743315719948297
13,chthamalus_dalli,r_bar,0.23406450735848638
13,limpets,r_bar,-0.6421698843328052
13,balanus_glandula,delta_cp,-0.4573198101394875
13,chthamalus_dalli,delta_cp,-0.037191024439579445
13,limpets,delta_cp,0.06424549913791522
14,balanus_glandula,delta_0,0.0943982963824086
14,chthamalus_dalli,delta_0,0.14477271413704296
14,limpets,delta_0,0.002870333646376677
14,balanus_glandula,delta_c,0.6438219135451904
14,chthamalus_dalli,delta_c,0.11510109694246728
14,limpets,delta_c,-0.5307178996111255
14,balanus_glandula,delta_p,0.09449482594243264
14,chthamalus_dalli,delta_p,0.1422643308968703
14,limpets,delta_p,0.002777399936346292
14,balanus_glandula,r_bar,0.4109975434428379
14,chthamalus_dalli,r_bar,0.013716453969838005
14,limpets,r_bar,-0.4659355406908292
14,balanus_glandula,delta_cp,-0.4217174924271937
14,chthamalus_dalli,delta_cp,-0.38842168800654253
14,limpets,delta_cp,0.0591346253375733
15,balanus_glandula,delta_0,0.05501298584312453
15,chthamalus_dalli,delta_0,0.16088163483126472
15,limpets,delta_0,0.0032755884896595866
15,balanus_glandula,delta_c,0.8307105040440312
15,chthamalus_dalli,delta_c,-0.07231537102222263
15,limpets,delta_c,-0.6061653360376589
15,balanus_glandula,delta_p,0.055148913699359925
15,chthamalus_dalli,delta_p,0.1644534123742598
15,limpets,delta_p,0.0031258952510446747
15,balanus_glandula,r_bar,0.8266749046702935
15,chthamalus_dalli,r_bar,0.18059761160973653
15,limpets,r_bar,-0.6641753507792789
15,balanus_glandula,delta_cp,-0.11419749891622222
15,chthamalus_dalli,delta_cp,-0.07242206457356537
15,limpets,delta_cp,-0.0644114984823243
16,balanus_glandula,delta_0,0.053827058656190085
16,chthamalus_dalli,delta_0,0.1717044061686841
16,limpets,delta_0,0.00310312827667647
16,balanus_glandula,delta_c,0.689233392055224
16,chthamalus_dalli,delta_c,0.061145970372195935
16,limpets,delta_c,-0.547156729359261
16,balanus_glandula,delta_p,0.05393693550152423
16,chthamalus_dalli,delta_p,0.17562260704885135
16,limpets,delta_p,0.0030132083738776405
16,balanus_glandula,r_bar,0.8930408735129585
16,chthamalus_dalli,r_bar,0.060975939917264466
16,limpets,r_bar,-0.5904553018864112
16,balanus_glandula,delta_cp,0.0960434873000201
16,chthamalus_dalli,delta_cp,-0.3474970436724669
16,limpets,delta_cp,-0.0494149091777043
17,balanus_glandula,delta_0,0.06866956147295755
17,chthamalus_dalli,delta_0,0.158464656417873
17,limpets,delta_0,0.0031366306747214745
17,balanus_glandula,delta_c,0.40781969731578616
17,chthamalus_dalli,delta_c,0.03888082036099494
17,limpets,delta_c,-0.5357433630553661
17,balanus_glandula,delta_p,0.06876484099383728
17,chthamalus_dalli,delta_p,0.16209902087723593
17,limpets,delta_p,0.0030392947165958084
17,balanus_glandula,r_bar,0.5760886745673683
17,chthamalus_dalli,r_bar,0.002185447531339424
17,limpets,r_bar,-0.5709478305023974
17,balanus_glandula,delta_cp,0.03083457478478735
17,chthamalus_dalli,delta_cp,-0.35725905012476444
17,limpets,delta_cp,-0.0413803928383486
18,balanus_glandula,delta_0,0.08401488189927508
18,chthamalus_dalli,delta_0,0.14867557114881502
18,limpets,delta_0,0.0033678649750725764
18,balanus_glandula,delta_c,0.43839872274804303
18,chthamalus_dalli,delta_c,0.2161337276351245
18,limpets,delta_c,-0.5601413186560265
18,balanus_glandula,delta_p,0.08411793591715044
18,chthamalus_dalli,delta_p,0.1518240047685926
18,limpets,delta_p,0.003213706047716869
18,balanus_glandula,r_bar,0.6824538828328723
18,chthamalus_dalli,r_bar,0.17633416624155518
18,limpets,r_bar,-0.6649432941478892
18,balanus_glandula,delta_cp,0.07592234226840378
18,chthamalus_dalli,delta_cp,-0.34029913731097694
18,limpets,delta_cp,-0.11138354651465221
19,balanus_glandula,delta_0,0.058333508235763
19,chthamalus_dalli,delta_0,0.16463558641210918
19,limpets,delta_0,0.0032766095085865476
19,balanus_glandula,delta_c,0.5131420278645911
19,chthamalus_dalli,delta_c,0.4713884514322473
19,limpets,delta_c,-0.6798522641048601
19,balanus_glandula,delta_p,0.057763234236530514
19,chthamalus_dalli,delta_p,0.1684572344748938
19,limpets,delta_p,0.003138515384487617
19,balanus_glandula,r_bar,0.673929121829913
19,chthamalus_dalli,r_bar,0.042203983023478164
19,limpets,r_bar,-0.597480677998864
19,balanus_glandula,delta_cp,0.04469035149302847
19,chthamalus_dalli,delta_cp,-0.7622772892957721
19,limpets,delta_cp,0.07595646121292199
20,balanus_glandula,delta_0,0.0716088655729108
20,chthamalus_dalli,delta_0,0.1666231068402202
20,limpets,delta_0,0.003218291466925427
20,balanus_glandula,delta_c,0.5713775804672345
20,chthamalus_dalli,delta_c,0.023772929141110843
20,limpets,delta_c,-0.528805586922598
20,balanus_glandula,delta_p,0.0716882836903876
20,chthamalus_dalli,delta_p,0.17030516826361985
20,limpets,delta_p,0.003119720249000535
20,balanus_glandula,r_bar,0.32498773938961323
20,chthamalus_dalli,r_bar,0.3076093204990362
20,limpets,r_bar,-0.594887287220466
20,balanus_glandula,delta_cp,-0.3896869903409197
20,chthamalus_dalli,delta_cp,-0.05309188374591467
20,limpets,delta_cp,-0.07241971201379394
21,balanus_glandula,delta_0,0.06932934945565283
21,chthamalus_dalli,delta_0,0.15397415520905566
21,limpets,delta_0,0.003322586941711503
21,balanus_glandula,delta_c,0.5809761068020645
21,chthamalus_dalli,delta_c,-0.005654542141571017
21,limpets,delta_c,-0.49097758707389705
21,balanus_glandula,delta_p,0.06943600956344742
21,chthamalus_dalli,delta_p,0.1573588169687794
21,limpets,delta_p,0.003211339706634231
21,balanus_glandula,r_bar,0.29057744920373185
21,chthamalus_dalli,r_bar,0.10103048278173365
21,limpets,r_bar,-0.6520145473026353
21,balanus_glandula,delta_cp,-0.42916401661743286
21,chthamalus_dalli,delta_cp,-0.2046479472545304
21,limpets,delta_cp,-0.167570886877084
22,balanus_glandula,delta_0,0.06369085634036975
22,chthamalus_dalli,delta_0,0.16138271986733776
22,limpets,delta_0,0.003702060116770989
22,balanus_glandula,delta_c,0.7725796969512857
22,chthamalus_dalli,delta_c,0.1589327637452962
22,limpets,delta_c,-0.5290274378838824
22,balanus_glandula,delta_p,0.06329742481435052
22,chthamalus_dalli,delta_p,0.1651879933415772
22,limpets,delta_p,0.0035978780725081094
22,balanus_glandula,r_bar,0.6696134651906205
22,chthamalus_dalli,r_bar,0.24750522145241938
22,limpets,r_bar,-0.5243881958129291
22,balanus_glandula,delta_cp,-0.2299545129153855
22,chthamalus_dalli,delta_cp,-0.23799825550179177
22,limpets,delta_cp,-0.002660696118325756
23,balanus_glandula,delta_0,0.056152418000002924
23,chthamalus_dalli,delta_0,0.16607195215161197
23,limpets,delta_0,0.0032179429065350984
23,balanus_glandula,delta_c,1.0464080444312
23,chthamalus_dalli,delta_c,0.08633494126703756
23,limpets,delta_c,-0.5771771401692554
23,balanus_glandula,delta_p,0.05576096656813467
23,chthamalus_dalli,delta_p,0.16934694753066326
23,limpets,delta_p,0.0031247853919396107
23,balanus_glandula,r_bar,0.28349563548611467
23,chthamalus_dalli,r_bar,0.28908137048920524
23,limpets,r_bar,-0.6701956218613934
23,balanus_glandula,delta_cp,-0.8748257935132231
23,chthamalus_dalli,delta_cp,-0.13267247046010755
23,limpets,delta_cp,-0.09936120999061271
24,balanus_glandula,delta_0,0.051468510262113965
24,chthamalus_dalli,delta_0,0.15901540310254947
24,limpets,delta_0,0.00330193910345844
24,balanus_glandula,delta_c,0.3487964546871234
24,chthamalus_dalli,delta_c,0.10191146302666132
24,limpets,delta_c,-0.31872947727730505
24,balanus_glandula,delta_p,0.052279361796136126
24,chthamalus_dalli,delta_p,0.16690862829555142
24,limpets,delta_p,0.0033003262931743382
24,balanus_glandula,r_bar,0.27520549294122953
24,chthamalus_dalli,r_bar,0.12162496693767122
24,limpets,r_bar,-0.545294043488707
24,balanus_glandula,delta_cp,-0.17733883380414395
24,chthamalus_dalli,delta_cp,-0.306210527487091
24,limpets,delta_cp,-0.23316683160803475
25,balanus_glandula,delta_0,0.058478966208050265
25,chthamalus_dalli,delta_0,0.1616126046113886
25,limpets,delta_0,0.0033192386935649854
25,balanus_glandula,delta_c,0.6972294009343478
25,chthamalus_dalli,delta_c,0.10163044292930046
25,limpets,delta_c,-0.6314011927204037
25,balanus_glandula,delta_p,0.05862810547165176
25,chthamalus_dalli,delta_p,0.1652409174135938
25,limpets,delta_p,0.0031859956362769726
25,balanus_glandula,r_bar,0.33280107350999333
25,chthamalus_dalli,r_bar,0.06729949321517359
25,limpets,r_bar,-0.6582161379255282
25,balanus_glandula,delta_cp,-0.4815353991040565
25,chthamalus_dalli,delta_cp,-0.3611844717391093
25,limpets,delta_cp,-0.033320179534966465
26,balanus_glandula,delta_0,0.08469256718247631
26,chthamalus_dalli,delta_0,0.16175441434868432
26,limpets,delta_0,0.00335417960852602
26,balanus_glandula,delta_c,0.7021213422054424
26,chthamalus_dalli,delta_c,0.04156155244934823
26,limpets,delta_c,-0.6549114862425176
26,balanus_glandula,delta_p,0.08477666597828204
26,chthamalus_dalli,delta_p,0.1649610095353593
26,limpets,delta_p,0.003255237327109972
26,balanus_glandula,r_bar,0.6144816218876501
26,chthamalus_dalli,r_bar,0.15053889297674616
26,limpets,r_bar,-0.5676339627714242
26,balanus_glandula,delta_cp,-0.2571089534785507
26,chthamalus_dalli,delta_cp,-0.21773808335664568
26,limpets,delta_cp,0.08066810653545742
27,balanus_glandula,delta_0,0.06531181735616709
27,chthamalus_dalli,delta_0,0.16086400205715568
27,limpets,delta_0,0.0033469763702167477
27,balanus_glandula,delta_c,1.6088967764915494
27,chthamalus_dalli,delta_c,0.13284229438535577
27,limpets,delta_c,-0.5093089793279246
27,balanus_glandula,delta_p,0.06532869884464576
27,chthamalus_dalli,delta_p,0.16378632214922173
27,limpets,delta_p,0.0032071698222421174
27,balanus_glandula,r_bar,1.511763588932003
27,chthamalus_dalli,r_bar,0.5071332591495394
27,limpets,r_bar,-0.5602476020706739
27,balanus_glandula,delta_cp,-0.22777370376035933
27,chthamalus_dalli,delta_cp,0.04964064055780626
27,limpets,delta_cp,-0.05749276893520816
28,balanus_glandula,delta_0,0.06449837844879713
28,chthamalus_dalli,delta_0,0.16148751434167163
28,limpets,delta_0,0.0033273058164704494
28,balanus_glandula,delta_c,0.7476423149810196
28,chthamalus_dalli,delta_c,0.06610662720897786
28,limpets,delta_c,-0.5873035240476212
28,balanus_glandula,delta_p,0.06464534003488809
28,chthamalus_dalli,delta_p,0.1650342832819971
28,limpets,delta_p,0.0031855461202230373
28,balanus_glandula,r_bar,0.6524733697549836
28,chthamalus_dalli,r_bar,0.13249398552050318
28,limpets,r_bar,-0.6616849551556374
28,balanus_glandula,delta_cp,-0.22431266370972125
28,chthamalus_dalli,delta_cp,-0.2601344393121434
28,limpets,delta_cp,-0.08089428304470969
29,balanus_glandula,delta_0,0.056607883410702664
29,chthamalus_dalli,delta_0,0.1623952352927529
29,limpets,delta_0,0.0032702544032388037
29,balanus_glandula,delta_c,1.488732229008919
29,chthamalus_dalli,delta_c,0.06741772478732666
29,limpets,delta_c,-0.654099733990307
29,balanus_glandula,delta_p,0.056703032285179145
29,chthamalus_dalli,delta_p,0.16586866861423832
29,limpets,delta_p,0.003170337930113787
29,balanus_glandula,r_bar,0.7301248222739407
29,chthamalus_dalli,r_bar,0.20742900244260665
29,limpets,r_bar,-0.6874410602247296
29,balanus_glandula,delta_cp,-0.8719183224308602
29,chthamalus_dalli,delta_cp,-0.18825262625171124
29,limpets,delta_cp,-0.03978191856777524
30,balanus_glandula,delta_0,0.08081564987876577
30,chthamalus_dalli,delta_0,0.14358780935458015
30,limpets,delta_0,0.003446766738806284
30,balanus_glandula,delta_c,0.6022689688576974
30,chthamalus_dalli,delta_c,0.2072010556602195
30,limpets,delta_c,-0.5404463142800389
30,balanus_glandula,delta_p,0.08090275110482237
30,chthamalus_dalli,delta_p,0.1464952460772848
30,limpets,delta_p,0.0033423421804730236
30,balanus_glandula,r_bar,1.3797984846895641
30,chthamalus_dalli,r_bar,0.038630966977619474
30,limpets,r_bar,-0.619606773375593
30,balanus_glandula,delta_cp,0.6158111148482786
30,chthamalus_dalli,delta_cp,-0.458653144114465
30,limpets,delta_cp,-0.08594956801483344
31,balanus_glandula,delta_0,0.06149136584012538
31,chthamalus_dalli,delta_0,0.15459660714021017
31,limpets,delta_0,0.0032952802448894536
31,balanus_glandula,delta_c,0.6307830792384519
31,chthamalus_dalli,delta_c,0.07860016943464498
31,limpets,delta_c,-0.5090582150195468
31,balanus_glandula,delta_p,0.061641015948339595
31,chthamalus_dalli,delta_p,0.15804722999810306
31,limpets,delta_p,0.0031894600557189623
31,balanus_glandula,r_bar,0.2725801397485106
31,chthamalus_dalli,r_bar,0.09088855586443878
31,limpets,r_bar,-0.6840985934822383
31,balanus_glandula,delta_cp,-0.4813353212784063
31,chthamalus_dalli,delta_cp,-0.30035545070851943
31,limpets,delta_cp,-0.1815251187632999
32,balanus_glandula,delta_0,0.06617733641994872
32,chthamalus_dalli,delta_0,0.15960514440655715
32,limpets,delta_0,0.0033361785615321216
32,balanus_glandula,delta_c,1.86208065693631
32,chthamalus_dalli,delta_c,-0.0644185479743189
32,limpets,delta_c,-0.6095527740902928
32,balanus_glandula,delta_p,0.06623302100631134
32,chthamalus_dalli,delta_p,0.16314431272662722
32,limpets,delta_p,0.0032369253831163736
32,balanus_glandula,r_bar,0.5762007286919382
32,chthamalus_dalli,r_bar,0.12142224715750194
32,limpets,r_bar,-0.5744725133864721
32,balanus_glandula,delta_cp,-1.4182902856706319
32,chthamalus_dalli,delta_cp,-0.13690866200136353
32,limpets,delta_cp,0.02850715675917226
33,balanus_glandula,delta_0,0.057332540577306634
33,chthamalus_dalli,delta_0,0.1627220871800663
33,limpets,delta_0,0.0034594167252082197
33,balanus_glandula,delta_c,0.6287706033993086
33,chthamalus_dalli,delta_c,0.07857204870555612
33,limpets,delta_c,-0.5955914476178923
33,balanus_glandula,delta_p,0.05750393219380556
33,chthamalus_dalli,delta_p,0.16636885336440255
33,limpets,delta_p,0.0033650127315578704
33,balanus_glandula,r_bar,0.8016655451209114
33,chthamalus_dalli,r_bar,0.5780906072850325
33,limpets,r_bar,-0.7148530076646002
33,balanus_glandula,delta_cp,0.058058468950490605
33,chthamalus_dalli,delta_cp,0.1704276180350075
33,limpets,delta_cp,-0.12608598950347405
34,balanus_glandula,delta_0,0.07531253720552955
34,chthamalus_dalli,delta_0,0.1534670898134921
34,limpets,delta_0,0.0030564041310451318
34,balanus_glandula,delta_c,0.5041345825114709
34,chthamalus_dalli,delta_c,2.406733869511613
34,limpets,delta_c,-0.5847966671802067
34,balanus_glandula,delta_p,0.07537441795818545
34,chthamalus_dalli,delta_p,0.15680037708868722
34,limpets,delta_p,0.0029605519235029742
34,balanus_glandula,r_bar,0.4361208778039738
34,chthamalus_dalli,r_bar,0.03994091749645312
34,limpets,r_bar,-0.673973078712353
34,balanus_glandula,delta_cp,-0.21870065987121212
34,chthamalus_dalli,delta_cp,-2.6770604189173395
34,limpets,delta_cp,-0.09519336758669439
35,balanus_glandula,delta_0,0.07484719384898297
35,chthamalus_dalli,delta_0,0.1516846145723394
35,limpets,delta_0,0.0029608256117990006
35,balanus_glandula,delta_c,0.6668597554788116
35,chthamalus_dalli,delta_c,0.01543561178159436
35,limpets,delta_c,-0.6414650095108803
35,balanus_glandula,delta_p,0.07494180802245354
35,chthamalus_dalli,delta_p,0.1549239775976048
35,limpets,delta_p,0.002863737394277921
35,balanus_glandula,r_bar,0.2163031887281901
35,chthamalus_dalli,r_bar,0.3053838446601529
35,limpets,r_bar,-0.6237276583166655
35,balanus_glandula,delta_cp,-0.600345568622058
35,chthamalus_dalli,delta_cp,-0.01666035929138565
35,limpets,delta_cp,0.01191278818813779
36,balanus_glandula,delta_0,0.07019685000511955
36,chthamalus_dalli,delta_0,0.1545158024073845
36,limpets,delta_0,0.0033429372671879287
36,balanus_glandula,delta_c,0.42990786091537236
36,chthamalus_dalli,delta_c,-0.07807187376516489
36,limpets,delta_c,-0.6521247907172905
36,balanus_glandula,delta_p,0.07033545017978304
36,chthamalus_dalli,delta_p,0.15783139713420402
36,limpets,delta_p,0.0032157970416100135
36,balanus_glandula,r_bar,0.919826246801857
36,chthamalus_dalli,r_bar,0.3036139428286886
36,limpets,r_bar,-0.574849653189984
36,balanus_glandula,delta_cp,0.349386085701582
36,chthamalus_dalli,delta_cp,0.06933861705226496
36,limpets,delta_cp,0.07071640321850847
37,balanus_glandula,delta_0,0.059516184832845376
37,chthamalus_dalli,delta_0,0.17095905927527877
37,limpets,delta_0,0.003505980659152197
37,balanus_glandula,delta_c,0.624562444143627
37,chthamalus_dalli,delta_c,0.15023549317008733
37,limpets,delta_c,-0.5121853709510336
37,balanus_glandula,delta_p,0.059548511761332135
37,chthamalus_dalli,delta_p,0.17470612490353732
37,limpets,delta_p,0.0034101568061506438
37,balanus_glandula,r_bar,0.7487331465040508
37,chthamalus_dalli,r_bar,0.06700842059082945
37,limpets,r_bar,-0.6520638242629875
37,balanus_glandula,delta_cp,0.005106005766246202
37,chthamalus_dalli,delta_cp,-0.42889225675807396
37,limpets,delta_cp,-0.14679459077725676
38,balanus_glandula,delta_0,0.06991303161877727
38,chthamalus_dalli,delta_0,0.16788584068255052
38,limpets,delta_0,0.0032285396083673312
38,balanus_glandula,delta_c,0.4226865543845777
38,chthamalus_dalli,delta_c,0.22107302666663675
38,limpets,delta_c,-0.5765834410010116
38,balanus_glandula,delta_p,0.0699800484881481
38,chthamalus_dalli,delta_p,0.1716223260678431
38,limpets,delta_p,0.0031328581865761596
38,balanus_glandula,r_bar,0.32814959309478353
38,chthamalus_dalli,r_bar,0.03941178153084457
38,limpets,r_bar,-0.5497594176431826
38,balanus_glandula,delta_cp,-0.23443004139671952
38,chthamalus_dalli,delta_cp,-0.5211694118861858
38,limpets,delta_cp,0.020462625562885473
39,balanus_glandula,delta_0,0.06220705075712174
39,chthamalus_dalli,delta_0,0.1694047654864126
39,limpets,delta_0,0.0037900696357812125
39,balanus_glandula,delta_c,0.5351305514606839
39,chthamalus_dalli,delta_c,0.020702619638373276
39,limpets,delta_c,-0.6134281094663137
39,balanus_glandula,delta_p,0.06223451801536162
39,chthamalus_dalli,delta_p,0.1730352738063301
39,limpets,delta_p,0.0036842943935981864
39,balanus_glandula,r_bar,0.32603633357721873
39,chthamalus_dalli,r_bar,0.05877657596380459
39,limpets,r_bar,-0.6995790601541498
39,balanus_glandula,delta_cp,-0.3335357866559485
39,chthamalus_dalli,delta_cp,-0.3043660829673114
39,limpets,delta_cp,-0.09362531471721558
40,balanus_glandula,delta_0,0.0632223356090762
40,chthamalus_dalli,delta_0,0.1570715192494827
40,limpets,delta_0,0.003175689427041606
40,balanus_glandula,delta_c,0.7781559095907886
40,chthamalus_dalli,delta_c,0.08571913323632252
40,limpets,delta_c,-0.7578571601130639
40,balanus_glandula,delta_p,0.06332428007762148
40,chthamalus_dalli,delta_p,0.16037149630711212
40,limpets,delta_p,0.00307238146434341
40,balanus_glandula,r_bar,0.5020359489823616
40,chthamalus_dalli,r_bar,0.13587941278315863
40,limpets,r_bar,-0.5956152383071176
40,balanus_glandula,delta_cp,-0.4026665762951247
40,chthamalus_dalli,delta_cp,-0.2672827360097587
40,limpets,delta_cp,0.1559938509145613
41,balanus_glandula,delta_0,0.06193789773592728
41,chthamalus_dalli,delta_0,0.17237847418922025
41,limpets,delta_0,0.003281043184582888
41,balanus_glandula,delta_c,0.6179003703916819
41,chthamalus_dalli,delta_c,-0.037348657184786305
41,limpets,delta_c,-0.49910514701594
41,balanus_glandula,delta_p,0.06198554146428803
41,chthamalus_dalli,delta_p,0.17329741476689908
41,limpets,delta_p,0.00317552581182734
41,balanus_glandula,r_bar,0.7668460649478264
41,chthamalus_dalli,r_bar,0.07729221799135422
41,limpets,r_bar,-0.5511002059353438
41,balanus_glandula,delta_cp,0.02502225535592917
41,chthamalus_dalli,delta_cp,-0.23103501377997882
41,limpets,delta_cp,-0.05845162791581404
42,balanus_glandula,delta_0,0.07161560760774766
42,chthamalus_dalli,delta_0,0.15937214578515557
42,limpets,delta_0,0.002920972980168246
42,balanus_glandula,delta_c,1.4713204947474916
42,chthamalus_dalli,delta_c,0.05835046460339921
42,limpets,delta_c,-0.59958027427177
42,balanus_glandula,delta_p,0.07162800340084541
42,chthamalus_dalli,delta_p,0.15922690081101853
42,limpets,delta_p,0.002820957018098591
42,balanus_glandula,r_bar,0.593663956236866
42,chthamalus_dalli,r_bar,-0.025244253288666973
42,limpets,r_bar,-0.35818490679184034
42,balanus_glandula,delta_cp,-1.0209001495192187
42,chthamalus_dalli,delta_cp,-0.4021937644882403
42,limpets,delta_cp,0.2356534374816628
43,balanus_glandula,delta_0,0.05332616347496455
43,chthamalus_dalli,delta_0,0.16294737463223719
43,limpets,delta_0,0.0031827710193168546
43,balanus_glandula,delta_c,0.8381473665558874
43,chthamalus_dalli,delta_c,-0.007983091653666508
43,limpets,delta_c,-0.5882849427884629
43,balanus_glandula,delta_p,0.05346766383950641
43,chthamalus_dalli,delta_p,0.1664933082735116
43,limpets,delta_p,0.003088919316574623
43,balanus_glandula,r_bar,0.3595807383006211
43,chthamalus_dalli,r_bar,-0.11110317265754976
43,limpets,r_bar,-0.7872186963113748
43,balanus_glandula,delta_cp,-0.5853604555697373
43,chthamalus_dalli,delta_cp,-0.43256076390963205
43,limpets,delta_cp,-0.20520544385880335
44,balanus_glandula,delta_0,0.06506278548054745
44,chthamalus_dalli,delta_0,0.1581601089071124
44,limpets,delta_0,0.003347476807658345
44,balanus_glandula,delta_c,0.8336445528438787
44,chthamalus_dalli,delta_c,0.039543019488162745
44,limpets,delta_c,-0.6926600468094499
44,balanus_glandula,delta_p,0.06518004544251821
44,chthamalus_dalli,delta_p,0.1615601799317845
44,limpets,delta_p,0.003235465967273532
44,balanus_glandula,r_bar,0.5737709725685485
44,chthamalus_dalli,r_bar,0.06199093800552857
44,limpets,r_bar,-0.32190190476479064
44,balanus_glandula,delta_cp,-0.3901164111983959
44,chthamalus_dalli,delta_cp,-0.2972723703215311
44,limpets,delta_cp,0.3641751992697274
45,balanus_glandula,delta_0,0.06803369300653628
45,chthamalus_dalli,delta_0,0.15538179778151373
45,limpets,delta_0,0.0030334054672871424
45,balanus_glandula,delta_c,0.5062795653429566
45,chthamalus_dalli,delta_c,0.06158785064445249
45,limpets,delta_c,-0.7609389457057627
45,balanus_glandula,delta_p,0.06817465727427341
45,chthamalus_dalli,delta_p,0.15877006239221725
45,limpets,delta_p,0.0029359348111375194
45,balanus_glandula,r_bar,0.8410568097704938
45,chthamalus_dalli,r_bar,0.05434981139646422
45,limpets,r_bar,-0.4965498731128237
45,balanus_glandula,delta_cp,0.19856889414672751
45,chthamalus_dalli,delta_cp,-0.32138989942171925
45,limpets,delta_cp,0.2584197323145143
46,balanus_glandula,delta_0,0.06174332095601598
46,chthamalus_dalli,delta_0,0.17203041310737932
46,limpets,delta_0,0.003073555814868234
46,balanus_glandula,delta_c,0.510125418630496
46,chthamalus_dalli,delta_c,0.1385706351183098
46,limpets,delta_c,-0.6308133204869593
46,balanus_glandula,delta_p,0.06146168356813597
46,chthamalus_dalli,delta_p,0.17586983452932414
46,limpets,delta_p,0.002982721578750347
46,balanus_glandula,r_bar,0.33862940171409317
46,chthamalus_dalli,r_bar,0.1464503739488865
46,limpets,r_bar,-0.3666003469043764
46,balanus_glandula,delta_cp,-0.29470102144055477
46,chthamalus_dalli,delta_cp,-0.3400205088061268
46,limpets,delta_cp,0.2581566961889643
47,balanus_glandula,delta_0,0.07989281423778682
47,chthamalus_dalli,delta_0,0.15221850849450147
47,limpets,delta_0,0.0031348369617274496
47,balanus_glandula,delta_c,0.6706125777470648
47,chthamalus_dalli,delta_c,0.05935441911789896
47,limpets,delta_c,-0.5768862566606974
47,balanus_glandula,delta_p,0.07996642698241763
47,chthamalus_dalli,delta_p,0.15529176896730434
47,limpets,delta_p,0.003035051209495654
47,balanus_glandula,r_bar,0.6272519539131489
47,chthamalus_dalli,r_bar,0.13287204073483605
47,limpets,r_bar,-0.6030052368384018
47,balanus_glandula,delta_cp,-0.20321986505412037
47,chthamalus_dalli,delta_cp,-0.23399265584486872
47,limpets,delta_cp,-0.032288868348927524
48,balanus_glandula,delta_0,0.06343725298035685
48,chthamalus_dalli,delta_0,0.16328247907823523
48,limpets,delta_0,0.003121235829885771
48,balanus_glandula,delta_c,0.6197950751151888
48,chthamalus_dalli,delta_c,0.029898241381842272
48,limpets,delta_c,-0.6599570903042078
48,balanus_glandula,delta_p,0.0635816753288132
48,chthamalus_dalli,delta_p,0.16684383941375658
48,limpets,delta_p,0.003028228447988335
48,balanus_glandula,r_bar,0.430854544784276
48,chthamalus_dalli,r_bar,0.28697894405927116
48,limpets,r_bar,-0.6708473911909614
48,balanus_glandula,delta_cp,-0.3159594586400829
48,chthamalus_dalli,delta_cp,-0.07304561581456293
48,limpets,delta_cp,-0.017039765164627685
49,balanus_glandula,delta_0,0.060178727004811194
49,chthamalus_dalli,delta_0,0.1808437463812429
49,limpets,delta_0,0.003372917815876675
49,balanus_glandula,delta_c,0.4295989875830335
49,chthamalus_dalli,delta_c,1.0247540739684564
49,limpets,delta_c,-0.5301816994332156
49,balanus_glandula,delta_p,0.06024111160235779
49,chthamalus_dalli,delta_p,0.18530714371957502
49,limpets,delta_p,0.003289850201224409
49,balanus_glandula,r_bar,0.4625712366679442
49,chthamalus_dalli,r_bar,0.18248816178919447
49,limpets,r_bar,-0.6053542307568451
49,balanus_glandula,delta_cp,-0.08744758952225828
49,chthamalus_dalli,delta_cp,-1.2084168022800799
49,limpets,delta_cp,-0.08183529934073064
50,balanus_glandula,delta_0,0.05230938365661353
50,chthamalus_dalli,delta_0,0.1733213429491134
50,limpets,delta_0,0.0032461507296142056
50,balanus_glandula,delta_c,0.5102964437661583
50,chthamalus_dalli,delta_c,0.02377817798455406
50,limpets,delta_c,-0.6089850243211721
50,balanus_glandula,delta_p,0.05234380909298397
50,chthamalus_dalli,delta_p,0.1767481373604458
50,limpets,delta_p,0.0031007502203090898
50,balanus_glandula,r_bar,0.7822796766325437
50,chthamalus_dalli,r_bar,0.059890283969284974
50,limpets,r_bar,-0.6429601721683953
50,balanus_glandula,delta_cp,0.16733004011678787
50,chthamalus_dalli,delta_cp,-0.3139573743248283
50,limpets,delta_cp,-0.040322048797146515
51,balanus_glandula,delta_0,0.05801798267660918
51,chthamalus_dalli,delta_0,0.1609766477317962
51,limpets,delta_0,0.003435957792265132
51,balanus_glandula,delta_c,0.6813209349236942
51,chthamalus_dalli,delta_c,0.15409209235993626
51,limpets,delta_c,-0.5267321983144098
51,balanus_glandula,delta_p,0.05815635677169029
51,chthamalus_dalli,delta_p,0.16474741708723606
51,limpets,delta_p,0.0032922724930632974
51,balanus_glandula,r_bar,0.5070832629465734
51,chthamalus_dalli,r_bar,0.052752798685355096
51,limpets,r_bar,-0.5518272493339806
51,balanus_glandula,delta_cp,-0.2904120114254203
51,chthamalus_dalli,delta_cp,-0.42706335849361343
51,limpets,delta_cp,-0.03182328130489931
52,balanus_glandula,delta_0,0.06344363430867395
52,chthamalus_dalli,delta_0,0.16195276407630366
52,limpets,delta_0,0.0036052054019354296
52,balanus_glandula,delta_c,2.4471230913935593
52,chthamalus_dalli,delta_c,0.0633314998837613
52,limpets,delta_c,-0.7053568529705532
52,balanus_glandula,delta_p,0.06354114514556097
52,chthamalus_dalli,delta_p,0.1659837223981797
52,limpets,delta_p,0.0035039453652219166
52,balanus_glandula,r_bar,0.5682949517970621
52,chthamalus_dalli,r_bar,0.357535204312867
52,limpets,r_bar,-0.5944774980379344
52,balanus_glandula,delta_cp,-2.005812919050732
52,chthamalus_dalli,delta_cp,-0.03373278204537766
52,limpets,delta_cp,0.10377020416546145
53,balanus_glandula,delta_0,0.05982913509398324
53,chthamalus_dalli,delta_0,0.16106269996010159
53,limpets,delta_0,0.0031719549112048107
53,balanus_glandula,delta_c,0.6240781803574444
53,chthamalus_dalli,delta_c,0.1659663436039498
53,limpets,delta_c,-0.6848377616843608
53,balanus_glandula,delta_p,0.059940831691479346
53,chthamalus_dalli,delta_p,0.16446968500794368
53,limpets,delta_p,0.0030731369763745686
53,balanus_glandula,r_bar,0.7454023770445886
53,chthamalus_dalli,r_bar,0.43918555450036023
53,limpets,r_bar,-0.6626153826922205
53,balanus_glandula,delta_cp,0.0015542299016815253
53,chthamalus_dalli,delta_cp,-0.05231317407163483
53,limpets,delta_cp,0.015977287104560922
54,balanus_glandula,delta_0,0.0603672555535697
54,chthamalus_dalli,delta_0,0.15806814506146738
54,limpets,delta_0,0.003434780346944555
54,balanus_glandula,delta_c,0.9542875043065833
54,chthamalus_dalli,delta_c,0.03771555863713383
54,limpets,delta_c,-0.8068801394654612
54,balanus_glandula,delta_p,0.060316275442612755
54,chthamalus_dalli,delta_p,0.15919947659572364
54,limpets,delta_p,0.003286866559024215
54,balanus_glandula,r_bar,1.2313187924545155
54,chthamalus_dalli,r_bar,0.16132442144492054
54,limpets,r_bar,-0.6386540122038822
54,balanus_glandula,delta_cp,0.15634775715174976
54,chthamalus_dalli,delta_cp,-0.1936587588494043
54,limpets,delta_cp,0.16150448035561027
55,balanus_glandula,delta_0,0.06392721037743243
55,chthamalus_dalli,delta_0,0.16423041057529808
55,limpets,delta_0,0.0032583308256572963
55,balanus_glandula,delta_c,0.6090612692902164
55,chthamalus_dalli,delta_c,0.051008383496621956
55,limpets,delta_c,-0.5210226688525961
55,balanus_glandula,delta_p,0.06413477577075088
55,chthamalus_dalli,delta_p,0.16853500765349017
55,limpets,delta_p,0.00316854300221614
55,balanus_glandula,r_bar,0.4719393257442017
55,chthamalus_dalli,r_bar,0.10306090455092431
55,limpets,r_bar,-0.6335006766928732
55,balanus_glandula,delta_cp,-0.265183929694198
55,chthamalus_dalli,delta_cp,-0.2807128971744859
55,limpets,delta_cp,-0.11890488166815061
56,balanus_glandula,delta_0,0.058253107898506906
56,chthamalus_dalli,delta_0,0.1607668210914266
56,limpets,delta_0,0.0031575707779634143
56,balanus_glandula,delta_c,0.6258678272628182
56,chthamalus_dalli,delta_c,-0.014639580132207453
56,limpets,delta_c,-0.599106028680223
56,balanus_glandula,delta_p,0.0583164562127898
56,chthamalus_dalli,delta_p,0.16186886937179357
56,limpets,delta_p,0.0030583333164286852
56,balanus_glandula,r_bar,0.8252216528432119
56,chthamalus_dalli,r_bar,0.04868938624171304
56,limpets,r_bar,-0.621595536749669
56,balanus_glandula,delta_cp,0.08278426146909701
56,chthamalus_dalli,delta_cp,-0.25930672408929967
56,limpets,delta_cp,-0.02870541216383815
57,balanus_glandula,delta_0,0.055428816104941325
57,chthamalus_dalli,delta_0,0.15259396147506976
57,limpets,delta_0,0.0034327657689576796
57,balanus_glandula,delta_c,0.8282618729787057
57,chthamalus_dalli,delta_c,0.019565281053378403
57,limpets,delta_c,-0.7006239390454261
57,balanus_glandula,delta_p,0.05562125854565747
57,chthamalus_dalli,delta_p,0.1557253916751764
57,limpets,delta_p,0.003314895595219358
57,balanus_glandula,r_bar,0.34907080379772903
57,chthamalus_dalli,r_bar,0.030204532715313537
57,limpets,r_bar,-0.5727210634745468
57,balanus_glandula,delta_cp,-0.5902411438315754
57,chthamalus_dalli,delta_cp,-0.29768010148831103
57,limpets,delta_cp,0.12115521420670228
58,balanus_glandula,delta_0,0.05590651668813862
58,chthamalus_dalli,delta_0,0.16578585605431528
58,limpets,delta_0,0.003099089816260281
58,balanus_glandula,delta_c,0.9269891194035087
58,chthamalus_dalli,delta_c,-0.006035694493262023
58,limpets,delta_c,-0.5811234533832308
58,balanus_glandula,delta_p,0.05594468254926821
58,chthamalus_dalli,delta_p,0.16902050447244488
58,limpets,delta_p,0.0029831765578052227
58,balanus_glandula,r_bar,0.39196102048766557
58,chthamalus_dalli,r_bar,0.07627837196238874
58,limpets,r_bar,-0.615941571877876
58,balanus_glandula,delta_cp,-0.6468792981532498
58,chthamalus_dalli,delta_cp,-0.2524922940711094
58,limpets,delta_cp,-0.040900384868710726
59,balanus_glandula,delta_0,0.06806699905024649
59,chthamalus_dalli,delta_0,0.16181568000225854
59,limpets,delta_0,0.0032931237512193734
59,balanus_glandula,delta_c,0.8876295137968206
59,chthamalus_dalli,delta_c,0.27354638702512646
59,limpets,delta_c,-0.720528453501952
59,balanus_glandula,delta_p,0.06810467341100712
59,chthamalus_dalli,delta_p,0.16493517790373047
59,limpets,delta_p,0.0031869054434683353
59,balanus_glandula,r_bar,0.7698275030455912
59,chthamalus_dalli,r_bar,0.0666196610181764
59,limpets,r_bar,-0.598651884242108
59,balanus_glandula,delta_cp,-0.25397368321248304
59,chthamalus_dalli,delta_cp,-0.5336775839129391
59,limpets,delta_cp,0.11539654006515632
60,balanus_glandula,delta_0,0.06585118615596275
60,chthamalus_dalli,delta_0,0.15760242459346707
60,limpets,delta_0,0.0034617984641192034
60,balanus_glandula,delta_c,0.5739445778259011
60,chthamalus_dalli,delta_c,-0.09742299231280649
60,limpets,delta_c,-0.5990554275641564
60,balanus_glandula,delta_p,0.06595930182560994
60,chthamalus_dalli,delta_p,0.16088713790747944
60,limpets,delta_p,0.003359141558650691
60,balanus_glandula,r_bar,0.6303679669984272
60,chthamalus_dalli,r_bar,0.06578003412207933
60,limpets,r_bar,-0.7899570469180768
60,balanus_glandula,delta_cp,-0.0753870988090466
60,chthamalus_dalli,delta_cp,-0.1552865360660607
60,limpets,delta_cp,-0.19772255937669025
61,balanus_glandula,delta_0,0.0521710910904809
61,chthamalus_dalli,delta_0,0.16558524032961996
61,limpets,delta_0,0.003861823896383232
61,balanus_glandula,delta_c,0.5756456905314951
61,chthamalus_dalli,delta_c,0.04414743961467971
61,limpets,delta_c,-0.6708433153377165
61,balanus_glandula,delta_p,0.05230722686489253
61,chthamalus_dalli,delta_p,0.16912354735188861
61,limpets,delta_p,0.0037613723178515635
61,balanus_glandula,r_bar,0.6290581774226307
61,chthamalus_dalli,r_bar,0.2860278357905126
61,limpets,r_bar,-0.6551287435070685
61,balanus_glandula,delta_cp,-0.05106583106423779
61,chthamalus_dalli,delta_cp,-0.09282839150567568
61,limpets,delta_cp,0.008091375616413155
62,balanus_glandula,delta_0,0.05896710948457584
62,chthamalus_dalli,delta_0,0.16472137545955334
62,limpets,delta_0,0.0034755488613193997
62,balanus_glandula,delta_c,0.6049808133458152
62,chthamalus_dalli,delta_c,0.058829816575567184
62,limpets,delta_c,-0.6147651614797336
62,balanus_glandula,delta_p,0.05907273997206475
62,chthamalus_dalli,delta_p,0.16846261065257817
62,limpets,delta_p,0.003373834282189847
62,balanus_glandula,r_bar,0.6377076349819621
62,chthamalus_dalli,r_bar,-0.011167991763310736
62,limpets,r_bar,-0.7494500235715902
62,balanus_glandula,delta_cp,-0.08531302782049366
62,chthamalus_dalli,delta_cp,-0.40318179445100943
62,limpets,delta_cp,-0.14153424523536584
63,balanus_glandula,delta_0,0.059445954230853415
63,chthamalus_dalli,delta_0,0.16771938876289538
63,limpets,delta_0,0.0029599802385522622
63,balanus_glandula,delta_c,0.5545302222900452
63,chthamalus_dalli,delta_c,0.17264111840468432
63,limpets,delta_c,-0.6188490101125828
63,balanus_glandula,delta_p,0.05952121998180582
63,chthamalus_dalli,delta_p,0.1714046561462914
63,limpets,delta_p,0.0028674376441970573
63,balanus_glandula,r_bar,0.6518867308710112
63,chthamalus_dalli,r_bar,0.0719737111573564
63,limpets,r_bar,-0.5421066064795046
63,balanus_glandula,delta_cp,-0.021610665631693227
63,chthamalus_dalli,delta_cp,-0.4397914521565147
63,limpets,delta_cp,0.07091498575032884
64,balanus_glandula,delta_0,0.10288171778643318
64,chthamalus_dalli,delta_0,0.1469162801614663
64,limpets,delta_0,0.0035167821933476118
64,balanus_glandula,delta_c,0.5418565700041156
64,chthamalus_dalli,delta_c,0.6548852043603894
64,limpets,delta_c,-0.7075225878807612
64,balanus_glandula,delta_p,0.10289098604693647
64,chthamalus_dalli,delta_p,0.14891440343366757
64,limpets,delta_p,0.003408849126939506
64,balanus_glandula,r_bar,0.6903030190769681
64,chthamalus_dalli,r_bar,0.4023874981146254
64,limpets,r_bar,-0.6612529180071438
64,balanus_glandula,delta_cp,-0.057326254760517115
64,chthamalus_dalli,delta_cp,-0.5483283898408979
64,limpets,delta_cp,0.03934403855333024
65,balanus_glandula,delta_0,0.06298244052785473
65,chthamalus_dalli,delta_0,0.15278591954838538
65,limpets,delta_0,0.0031659002555515237
65,balanus_glandula,delta_c,0.6254801655085465
65,chthamalus_dalli,delta_c,-0.05914804215625291
65,limpets,delta_c,-0.4560194845241965
65,balanus_glandula,delta_p,0.06313079169154845
65,chthamalus_dalli,delta_p,0.15397776797771434
65,limpets,delta_p,0.003061395234329689
65,balanus_glandula,r_bar,0.31207496578367566
65,chthamalus_dalli,r_bar,0.10927520521280432
65,limpets,r_bar,-0.6662746266856916
65,balanus_glandula,delta_cp,-0.439518431944274
65,chthamalus_dalli,delta_cp,-0.1383404401570425
65,limpets,delta_cp,-0.2164824376513763
66,balanus_glandula,delta_0,0.07732053357205726
66,chthamalus_dalli,delta_0,0.1492312022808726
66,limpets,delta_0,0.003632837190308713
66,balanus_glandula,delta_c,0.6436553331077839
66,chthamalus_dalli,delta_c,0.057747808247788246
66,limpets,delta_c,-0.6828378381271076
66,balanus_glandula,delta_p,0.07743155968398363
66,chthamalus_dalli,delta_p,0.15223390837220596
66,limpets,delta_p,0.0035263222489774204
66,balanus_glandula,r_bar,0.79433197691205
66,chthamalus_dalli,r_bar,0.13336767154926954
66,limpets,r_bar,-0.5923003194545342
66,balanus_glandula,delta_cp,-0.0040754494517747375
66,chthamalus_dalli,delta_cp,-0.22584524735159728
66,limpets,delta_cp,0.08337835923328729
67,balanus_glandula,delta_0,0.06956501753462574
67,chthamalus_dalli,delta_0,0.15471087475379397
67,limpets,delta_0,0.0029728018753285568
67,balanus_glandula,delta_c,0.7408584460529513
67,chthamalus_dalli,delta_c,0.24678830025123055
67,limpets,delta_c,-0.5884297331541473
67,balanus_glandula,delta_p,0.06962618178348423
67,chthamalus_dalli,delta_p,0.15517030994618675
67,limpets,delta_p,0.002877987829769779
67,balanus_glandula,r_bar,0.6438964843608252
67,chthamalus_dalli,r_bar,0.08396092102955621
67,limpets,r_bar,-0.7554193169210177
67,balanus_glandula,delta_cp,-0.23615316101023598
67,chthamalus_dalli,delta_cp,-0.47270856392165506
67,limpets,delta_cp,-0.1728403734719688
68,balanus_glandula,delta_0,0.06027109507072148
68,chthamalus_dalli,delta_0,0.163005366222307
68,limpets,delta_0,0.0030148444094204585
68,balanus_glandula,delta_c,0.4885712170538763
68,chthamalus_dalli,delta_c,-0.08014694188345461
68,limpets,delta_c,-0.5595232410763049
68,balanus_glandula,delta_p,0.06036403179203109
68,chthamalus_dalli,delta_p,0.1663744529833735
68,limpets,delta_p,0.002890581486647781
68,balanus_glandula,r_bar,0.8094492565039024
68,chthamalus_dalli,r_bar,0.18962060335786513
68,limpets,r_bar,-0.6337451038748361
68,balanus_glandula,delta_cp,0.20024291258727356
68,chthamalus_dalli,delta_cp,-0.05961227396436075
68,limpets,delta_cp,-0.0801272886945994
69,balanus_glandula,delta_0,0.08302812324793041
69,chthamalus_dalli,delta_0,0.15760602217612807
69,limpets,delta_0,0.0032298235685419563
69,balanus_glandula,delta_c,0.8764802981282949
69,chthamalus_dalli,delta_c,0.13908553131475054
69,limpets,delta_c,-0.6070086720135976
69,balanus_glandula,delta_p,0.08224892905443348
69,chthamalus_dalli,delta_p,0.16048470379693214
69,limpets,delta_p,0.003124200265297139
69,balanus_glandula,r_bar,0.4395045226124399
69,chthamalus_dalli,r_bar,0.11824462112168455
69,limpets,r_bar,-0.5903305855269216
69,balanus_glandula,delta_cp,-0.6022528278182189
69,chthamalus_dalli,delta_cp,-0.3389316361661262
69,limpets,delta_cp,0.010324062652836918
70,balanus_glandula,delta_0,0.06320880756349179
70,chthamalus_dalli,delta_0,0.15615257746567857
70,limpets,delta_0,0.003293788177712198
70,balanus_glandula,delta_c,0.7923227681393668
70,chthamalus_dalli,delta_c,-0.025879991757763676
70,limpets,delta_c,-0.6195252046987823
70,balanus_glandula,delta_p,0.0633403576039886
70,chthamalus_dalli,delta_p,0.15926660314765106
70,limpets,delta_p,0.0031885381033407434
70,balanus_glandula,r_bar,0.5871018260714385
70,chthamalus_dalli,r_bar,0.15629690327262735
70,limpets,r_bar,-0.5533965078428238
70,balanus_glandula,delta_cp,-0.3317701072354087
70,chthamalus_dalli,delta_cp,-0.1332422855829386
70,limpets,delta_cp,0.059646370574905516
71,balanus_glandula,delta_0,0.06382139515086838
71,chthamalus_dalli,delta_0,0.1679445462920266
71,limpets,delta_0,0.003201073050027814
71,balanus_glandula,delta_c,0.7928809978513136
71,chthamalus_dalli,delta_c,1.2373732625200002
71,limpets,delta_c,-0.6168529629449986
71,balanus_glandula,delta_p,0.06384552729245585
71,chthamalus_dalli,delta_p,0.17108560198207545
71,limpets,delta_p,0.003095743676769347
71,balanus_glandula,r_bar,0.7959174251631689
71,chthamalus_dalli,r_bar,0.13610123809547292
71,limpets,r_bar,-0.6839285115655656
71,balanus_glandula,delta_cp,-0.12463049513146895
71,chthamalus_dalli,delta_cp,-1.4403021726986294
71,limpets,delta_cp,-0.07337236534736413
72,balanus_glandula,delta_0,0.05468264194231387
72,chthamalus_dalli,delta_0,0.15820037246645224
72,limpets,delta_0,0.002897859663297142
72,balanus_glandula,delta_c,0.495552007114493
72,chthamalus_dalli,delta_c,0.2670109579875011
72,limpets,delta_c,-0.3413471255252025
72,balanus_glandula,delta_p,0.055524006182384955
72,chthamalus_dalli,delta_p,0.16640502918467237
72,limpets,delta_p,0.002881513713680839
72,balanus_glandula,r_bar,0.31318779903232397
72,chthamalus_dalli,r_bar,0.1328902326304986
72,limpets,r_bar,-0.7397520205838795
72,balanus_glandula,delta_cp,-0.29257085620686785
72,chthamalus_dalli,delta_cp,-0.4587261270081271
72,limpets,delta_cp,-0.4041842684356549
73,balanus_glandula,delta_0,0.0671887847176651
73,chthamalus_dalli,delta_0,0.16472881498668657
73,limpets,delta_0,0.0032359759708042724
73,balanus_glandula,delta_c,1.3595182526404606
73,chthamalus_dalli,delta_c,-0.07101115910755951
73,limpets,delta_c,-0.45579534882403405
73,balanus_glandula,delta_p,0.06725247855006011
73,chthamalus_dalli,delta_p,0.16838234452019485
73,limpets,delta_p,0.0031429956994342145
73,balanus_glandula,r_bar,0.4867823520332719
73,chthamalus_dalli,r_bar,0.1977821676632996
73,limpets,r_bar,-0.6434030007034464
73,balanus_glandula,delta_cp,-1.0071771638749138
73,chthamalus_dalli,delta_cp,-0.06431783273602232
73,limpets,delta_cp,-0.1939866235496508
74,balanus_glandula,delta_0,0.06243863630131519
74,chthamalus_dalli,delta_0,0.1622218192024314
74,limpets,delta_0,0.0030374639370603917
74,balanus_glandula,delta_c,0.6190286906089413
74,chthamalus_dalli,delta_c,0.04417637299581112
74,limpets,delta_c,-0.6782628269791044
74,balanus_glandula,delta_p,0.06254820544658313
74,chthamalus_dalli,delta_p,0.16593203817710656
74,limpets,delta_p,0.0029435844588199256
74,balanus_glandula,r_bar,0.6868546055250753
74,chthamalus_dalli,r_bar,0.06336305153369959
74,limpets,r_bar,-0.6169889497410201
74,balanus_glandula,delta_cp,-0.057160926831764325
74,chthamalus_dalli,delta_cp,-0.3089671788416495
74,limpets,delta_cp,0.05529282884220399
75,balanus_glandula,delta_0,0.0589430071736996
75,chthamalus_dalli,delta_0,0.16851357716548587
75,limpets,delta_0,0.003205785387372595
75,balanus_glandula,delta_c,0.639822556859212
75,chthamalus_dalli,delta_c,0.1428689236083236
75,limpets,delta_c,-0.6190684022120103
75,balanus_glandula,delta_p,0.05901574764925921
75,chthamalus_dalli,delta_p,0.17231412275112823
75,limpets,delta_p,0.0031122467502222584
75,balanus_glandula,r_bar,0.7443430868897183
75,chthamalus_dalli,r_bar,0.23753922701312624
75,limpets,r_bar,-0.622394062416777
75,balanus_glandula,delta_cp,-0.013438224792452491
75,chthamalus_dalli,delta_cp,-0.24615739651181145
75,limpets,delta_cp,-0.00964369234236151
76,balanus_glandula,delta_0,0.06379620860377333
76,chthamalus_dalli,delta_0,0.15439618468327942
76,limpets,delta_0,0.003260637624968976
76,balanus_glandula,delta_c,0.6334941355804842
76,chthamalus_dalli,delta_c,-0.03316832758930244
76,limpets,delta_c,-0.5813091149139309
76,balanus_glandula,delta_p,0.06394995580671292
76,chthamalus_dalli,delta_p,0.15790967179573223
76,limpets,delta_p,0.0031536241318992353
76,balanus_glandula,r_bar,0.3314728689136752
76,chthamalus_dalli,r_bar,0.07467208227597788
76,limpets,r_bar,-0.5714709371035018
76,balanus_glandula,delta_cp,-0.4297674310772952
76,chthamalus_dalli,delta_cp,-0.20446544661373134
76,limpets,delta_cp,0.0034239160535608493
77,balanus_glandula,delta_0,0.056802424402903284
77,chthamalus_dalli,delta_0,0.1640333428482177
77,limpets,delta_0,0.0033640312420550877
77,balanus_glandula,delta_c,0.2962751762580056
77,chthamalus_dalli,delta_c,0.15379425245127054
77,limpets,delta_c,-0.48223012157087464
77,balanus_glandula,delta_p,0.056854142728034573
77,chthamalus_dalli,delta_p,0.17155485946866866
77,limpets,delta_p,0.0033416471727463204
77,balanus_glandula,r_bar,0.4745817430931287
77,chthamalus_dalli,r_bar,0.16433308852156037
77,limpets,r_bar,-0.6876651772762492
77,balanus_glandula,delta_cp,0.06464999970418528
77,chthamalus_dalli,delta_cp,-0.3250493662465965
77,limpets,delta_cp,-0.21214073412017598
78,balanus_glandula,delta_0,0.05171967793703125
78,chthamalus_dalli,delta_0,0.16376533856437148
78,limpets,delta_0,0.0032636800408456512
78,balanus_glandula,delta_c,0.5894285919089022
78,chthamalus_dalli,delta_c,0.027151619093474633
78,limpets,delta_c,-0.6249669137045943
78,balanus_glandula,delta_p,0.05186884282847437
78,chthamalus_dalli,delta_p,0.16537429588063057
78,limpets,delta_p,0.0031626221975284974
78,balanus_glandula,r_bar,0.8943197423187119
78,chthamalus_dalli,r_bar,0.5987805497464738
78,limpets,r_bar,-0.3929668904956489
78,balanus_glandula,delta_cp,0.20130262964430412
78,chthamalus_dalli,delta_cp,0.24248929620799708
78,limpets,delta_cp,0.22557372097057127
79,balanus_glandula,delta_0,0.0770957769023306
79,chthamalus_dalli,delta_0,0.1572626602873155
79,limpets,delta_0,0.0032883171897210017
79,balanus_glandula,delta_c,0.7079064739642427
79,chthamalus_dalli,delta_c,0.06483996084725074
79,limpets,delta_c,-0.5600213432329368
79,balanus_glandula,delta_p,0.07713172733814333
79,chthamalus_dalli,delta_p,0.16020964704119112
79,limpets,delta_p,0.003177116720109785
79,balanus_glandula,r_bar,0.5752366797784525
79,chthamalus_dalli,r_bar,0.036119702233056605
79,limpets,r_bar,-0.5090359711053412
79,balanus_glandula,delta_cp,-0.2868972984262641
79,chthamalus_dalli,delta_cp,-0.34619256594270076
79,limpets,delta_cp,0.0445199382177649
80,balanus_glandula,delta_0,0.06505534578434558
80,chthamalus_dalli,delta_0,0.15836805173482715
80,limpets,delta_0,0.0031394154814419206
80,balanus_glandula,delta_c,0.338358616650303
80,chthamalus_dalli,delta_c,-0.0025330674856005597
80,limpets,delta_c,-0.5897742674577915
80,balanus_glandula,delta_p,0.06509478808331237
80,chthamalus_dalli,delta_p,0.16185496070426075
80,limpets,delta_p,0.0030393971867070935
80,balanus_glandula,r_bar,1.6886314843985315
80,chthamalus_dalli,r_bar,0.0333027081960362
80,limpets,r_bar,-0.6451175358920014
80,balanus_glandula,delta_cp,1.2201227338805705
80,chthamalus_dalli,delta_cp,-0.28438723675745115
80,limpets,delta_cp,-0.061522081102358905
81,balanus_glandula,delta_0,0.07074443897242899
81,chthamalus_dalli,delta_0,0.16498516995419643
81,limpets,delta_0,0.003061175265582139
81,balanus_glandula,delta_c,0.5299625682327245
81,chthamalus_dalli,delta_c,0.11539661291642545
81,limpets,delta_c,-0.5704810448586577
81,balanus_glandula,delta_p,0.07081523229209807
81,chthamalus_dalli,delta_p,0.16862497603209725
81,limpets,delta_p,0.002968278034199079
81,balanus_glandula,r_bar,0.8108646281630123
81,chthamalus_dalli,r_bar,0.10167392514575146
81,limpets,r_bar,-0.6081454413215259
81,balanus_glandula,delta_cp,0.13934238866576076
81,chthamalus_dalli,delta_cp,-0.34733283375696766
81,limpets,delta_cp,-0.04369384976264945
82,balanus_glandula,delta_0,0.06069703414998995
82,chthamalus_dalli,delta_0,0.15809529758330187
82,limpets,delta_0,0.0030424228293692845
82,balanus_glandula,delta_c,1.2922948577184874
82,chthamalus_dalli,delta_c,0.05953410629316491
82,limpets,delta_c,-0.671347420931524
82,balanus_glandula,delta_p,0.06022461325491335
82,chthamalus_dalli,delta_p,0.16157900857878826
82,limpets,delta_p,0.0029444096012509746
82,balanus_glandula,r_bar,0.635821658973184
82,chthamalus_dalli,r_bar,0.09203581052362275
82,limpets,r_bar,-0.5282732985582486
82,balanus_glandula,delta_cp,-0.7773948461502067
82,chthamalus_dalli,delta_cp,-0.2871726019316323
82,limpets,delta_cp,0.13708728994265518
83,balanus_glandula,delta_0,0.06657665131834567
83,chthamalus_dalli,delta_0,0.1605327946100914
83,limpets,delta_0,0.003172566014185252
83,balanus_glandula,delta_c,0.6266824633282297
83,chthamalus_dalli,delta_c,0.1990075303900194
83,limpets,delta_c,-0.7196344491194762
83,balanus_glandula,delta_p,0.06652284073790815
83,chthamalus_dalli,delta_p,0.16389626333678708
83,limpets,delta_p,0.003069689820115684
83,balanus_glandula,r_bar,0.3804311618349083
83,chthamalus_dalli,r_bar,0.020370560511838054
83,limpets,r_bar,-0.5253193252214314
83,balanus_glandula,delta_cp,-0.37935079354957524
83,chthamalus_dalli,delta_cp,-0.5030660278250598
83,limpets,delta_cp,0.1880728680637438
84,balanus_glandula,delta_0,0.06420239213150236
84,chthamalus_dalli,delta_0,0.1588438739078719
84,limpets,delta_0,0.0030470445237480437
84,balanus_glandula,delta_c,0.6531911623644924
84,chthamalus_dalli,delta_c,-0.006051286232984676
84,limpets,delta_c,-0.6211331740300454
84,balanus_glandula,delta_p,0.0643068717012727
84,chthamalus_dalli,delta_p,0.16228763176229877
84,limpets,delta_p,0.0029456193148655885
84,balanus_glandula,r_bar,0.5092280001363627
84,chthamalus_dalli,r_bar,0.5454533441021194
84,limpets,r_bar,-0.6286782431678688
84,balanus_glandula,delta_cp,-0.2724724260609047
84,chthamalus_dalli,delta_cp,0.23037312466493343
84,limpets,delta_cp,-0.013537732976437011
85,balanus_glandula,delta_0,0.06342691230459696
85,chthamalus_dalli,delta_0,0.16995621293744323
85,limpets,delta_0,0.0032041991398272796
85,balanus_glandula,delta_c,0.4608313087293512
85,chthamalus_dalli,delta_c,0.29061539790348956
85,limpets,delta_c,-0.5633367443311865
85,balanus_glandula,delta_p,0.06347978080378813
85,chthamalus_dalli,delta_p,0.17384471760429876
85,limpets,delta_p,0.0031154660192420636
85,balanus_glandula,r_bar,0.3386170851841348
85,chthamalus_dalli,r_bar,0.016621018834672485
85,limpets,r_bar,-0.6449134325408685
85,balanus_glandula,delta_cp,-0.24912091665360148
85,chthamalus_dalli,delta_cp,-0.6177953096105591
85,limpets,delta_cp,-0.08789635336875135
86,balanus_glandula,delta_0,0.061560084988035
86,chthamalus_dalli,delta_0,0.16887206350462503
86,limpets,delta_0,0.003232171781797577
86,balanus_glandula,delta_c,0.757996263218566
86,chthamalus_dalli,delta_c,0.16407068320155838
86,limpets,delta_c,-0.6053231259720757
86,balanus_glandula,delta_p,0.06160651343795931
86,chthamalus_dalli,delta_p,0.1724483825823253
86,limpets,delta_p,0.0030965484842426783
86,balanus_glandula,r_bar,0.9262796821865704
86,chthamalus_dalli,r_bar,0.2770477403019189
86,limpets,r_bar,-0.5722175419132127
86,balanus_glandula,delta_cp,0.04511682054201016
86,chthamalus_dalli,delta_cp,-0.2283433889865898
86,limpets,delta_cp,0.026776863792822736
87,balanus_glandula,delta_0,0.051604561817364836
87,chthamalus_dalli,delta_0,0.16620373221287954
87,limpets,delta_0,0.0033885857055386825
87,balanus_glandula,delta_c,1.0317962374556133
87,chthamalus_dalli,delta_c,0.062395197368769084
87,limpets,delta_c,-0.5010942855508616
87,balanus_glandula,delta_p,0.051720016920537626
87,chthamalus_dalli,delta_p,0.16991789468837126
87,limpets,delta_p,0.0032905146539896624
87,balanus_glandula,r_bar,0.6854442152739773
87,chthamalus_dalli,r_bar,0.3094923469573987
87,limpets,r_bar,-0.6342037741337296
87,balanus_glandula,delta_cp,-0.44967660091953854
87,chthamalus_dalli,delta_cp,-0.0890244773126212
87,limpets,delta_cp,-0.13978858894239643
88,balanus_glandula,delta_0,0.057678713236468226
88,chthamalus_dalli,delta_0,0.15515501350439354
88,limpets,delta_0,0.0035607544083477993
88,balanus_glandula,delta_c,0.7173456120069273
88,chthamalus_dalli,delta_c,0.4163411527418819
88,limpets,delta_c,-0.6102188715483492
88,balanus_glandula,delta_p,0.0578370983990546
88,chthamalus_dalli,delta_p,0.15635236427529997
88,limpets,delta_p,0.003455081209785771
88,balanus_glandula,r_bar,0.3337562850688729
88,chthamalus_dalli,r_bar,0.08719820204023798
88,limpets,r_bar,-0.6624810287398164
88,balanus_glandula,delta_cp,-0.4991051385735772
88,chthamalus_dalli,delta_cp,-0.6406503284813374
88,limpets,delta_cp,-0.05927799280960078
89,balanus_glandula,delta_0,0.05355626484220366
89,chthamalus_dalli,delta_0,0.17414806920307369
89,limpets,delta_0,0.0033946210671387256
89,balanus_glandula,delta_c,0.7642611159948294
89,chthamalus_dalli,delta_c,0.08293517998723843
89,limpets,delta_c,-0.6861145299252498
89,balanus_glandula,delta_p,0.05362203105971508
89,chthamalus_dalli,delta_p,0.17773700399711378
89,limpets,delta_p,0.003294403160741588
89,balanus_glandula,r_bar,0.9695258779017473
89,chthamalus_dalli,r_bar,-9.922959918171603e-4
89,limpets,r_bar,-0.6850435451980428
89,balanus_glandula,delta_cp,0.09808646600499915
89,chthamalus_dalli,delta_cp,-0.43581254917924306
89,limpets,delta_cp,-0.0056180395006733
90,balanus_glandula,delta_0,0.07665852293296505
90,chthamalus_dalli,delta_0,0.15526559674085805
90,limpets,delta_0,0.0032925905308964776
90,balanus_glandula,delta_c,0.89602480343444
90,chthamalus_dalli,delta_c,-0.0023775190757373554
90,limpets,delta_c,-0.5833162512977201
90,balanus_glandula,delta_p,0.07674734527734883
90,chthamalus_dalli,delta_p,0.15831528019671248
90,limpets,delta_p,0.003191221311689141
90,balanus_glandula,r_bar,0.6567338595026451
90,chthamalus_dalli,r_bar,0.30900834845235625
90,limpets,r_bar,-0.4643252058543783
90,balanus_glandula,delta_cp,-0.39269681214210883
90,chthamalus_dalli,delta_cp,-0.0021950094094769224
90,limpets,delta_cp,0.1125072336007562
91,balanus_glandula,delta_0,0.06013210313187611
91,chthamalus_dalli,delta_0,0.16843493815122734
91,limpets,delta_0,0.0030970969189381137
91,balanus_glandula,delta_c,0.5231624378454647
91,chthamalus_dalli,delta_c,0.14655521693285323
91,limpets,delta_c,-0.6835839146802596
91,balanus_glandula,delta_p,0.06017922153705757
91,chthamalus_dalli,delta_p,0.1721701383947949
91,limpets,delta_p,0.0029998786678171463
91,balanus_glandula,r_bar,0.30226006449223664
91,chthamalus_dalli,r_bar,0.08725802356500001
91,limpets,r_bar,-0.6483623823343647
91,balanus_glandula,delta_cp,-0.3412136980221617
91,chthamalus_dalli,delta_cp,-0.39990226991387545
91,limpets,delta_cp,0.029124556759139608
92,balanus_glandula,delta_0,0.05102039615910492
92,chthamalus_dalli,delta_0,0.1718381517705767
92,limpets,delta_0,0.0033838036922433368
92,balanus_glandula,delta_c,0.6575608279192711
92,chthamalus_dalli,delta_c,0.0334631478592482
92,limpets,delta_c,-0.5976159929381188
92,balanus_glandula,delta_p,0.051101051228133576
92,chthamalus_dalli,delta_p,0.17543671645824777
92,limpets,delta_p,0.0032852505838698587
92,balanus_glandula,r_bar,1.6625304394364178
92,chthamalus_dalli,r_bar,0.07271279682740239
92,limpets,r_bar,-0.8019201476038325
92,balanus_glandula,delta_cp,0.9028481641299082
92,chthamalus_dalli,delta_cp,-0.3080252192606703
92,limpets,delta_cp,-0.2109732089418268
93,balanus_glandula,delta_0,0.05802750410280799
93,chthamalus_dalli,delta_0,0.15078053943097558
93,limpets,delta_0,0.003276935862162267
93,balanus_glandula,delta_c,0.614822436810746
93,chthamalus_dalli,delta_c,0.04571811450672025
93,limpets,delta_c,-0.5244584272099084
93,balanus_glandula,delta_p,0.058203969798770405
93,chthamalus_dalli,delta_p,0.15404193920531828
93,limpets,delta_p,0.0031696738232007693
93,balanus_glandula,r_bar,0.2575245954881713
93,chthamalus_dalli,r_bar,0.1675623532329351
93,limpets,r_bar,-0.5645710449100594
93,balanus_glandula,delta_cp,-0.4735293152241531
93,chthamalus_dalli,delta_cp,-0.182978239910079
93,limpets,delta_cp,-0.04655922738551399
94,balanus_glandula,delta_0,0.06401760780351529
94,chthamalus_dalli,delta_0,0.16356654308024754
94,limpets,delta_0,0.0033499299223032075
94,balanus_glandula,delta_c,0.4836132540289533
94,chthamalus_dalli,delta_c,0.2933693837501288
94,limpets,delta_c,-0.6829633614923973
94,balanus_glandula,delta_p,0.06414580300633799
94,chthamalus_dalli,delta_p,0.16741686968834046
94,limpets,delta_p,0.003256944523361005
94,balanus_glandula,r_bar,0.26439352902575597
94,chthamalus_dalli,r_bar,0.0839252606862344
94,limpets,r_bar,-0.2212975706897704
94,balanus_glandula,delta_cp,-0.3473831358130506
94,chthamalus_dalli,delta_cp,-0.5404275358324824
94,limpets,delta_cp,0.4550589163569627
95,balanus_glandula,delta_0,0.06903073726276476
95,chthamalus_dalli,delta_0,0.16019368225719055
95,limpets,delta_0,0.0034645396032377818
95,balanus_glandula,delta_c,0.9791595781298674
95,chthamalus_dalli,delta_c,-0.016582430582353425
95,limpets,delta_c,-0.5914827953494259
95,balanus_glandula,delta_p,0.0691283695375482
95,chthamalus_dalli,delta_p,0.16372051676560573
95,limpets,delta_p,0.0033626115348195373
95,balanus_glandula,r_bar,0.49491866368793724
95,chthamalus_dalli,r_bar,0.6421645376556018
95,limpets,r_bar,-0.6107515769357019
95,balanus_glandula,delta_cp,-0.6224000212422431
95,chthamalus_dalli,delta_cp,0.3348327692151589
95,limpets,delta_cp,-0.026095932724333304
96,balanus_glandula,delta_0,0.049017800685215884
96,chthamalus_dalli,delta_0,0.1624723578202799
96,limpets,delta_0,0.003218332832195636
96,balanus_glandula,delta_c,0.6923903438179568
96,chthamalus_dalli,delta_c,0.16330311812149678
96,limpets,delta_c,-0.5571860728352382
96,balanus_glandula,delta_p,0.04916785138691204
96,chthamalus_dalli,delta_p,0.16557089112056045
96,limpets,delta_p,0.003109806502338719
96,balanus_glandula,r_bar,0.6074708439596133
96,chthamalus_dalli,r_bar,0.2190215709872867
96,limpets,r_bar,-0.5970001292729288
96,balanus_glandula,delta_cp,-0.1831051519304715
96,chthamalus_dalli,delta_cp,-0.27232479607505045
96,limpets,delta_cp,-0.04614219577222489
97,balanus_glandula,delta_0,0.06403861049505588
97,chthamalus_dalli,delta_0,0.1508683086971957
97,limpets,delta_0,0.003171736613409637
97,balanus_glandula,delta_c,0.724236095473962
97,chthamalus_dalli,delta_c,1.0315191084274007
97,limpets,delta_c,-0.6617691951418099
97,balanus_glandula,delta_p,0.06412730621606211
97,chthamalus_dalli,delta_p,0.1538532515362654
97,limpets,delta_p,0.003063619532878814
97,balanus_glandula,r_bar,0.7127417027219729
97,chthamalus_dalli,r_bar,0.1157245331697827
97,limpets,r_bar,-0.6818084016324726
97,balanus_glandula,delta_cp,-0.13966030946310704
97,chthamalus_dalli,delta_cp,-1.2205161354910792
97,limpets,delta_cp,-0.02627456263695116
98,balanus_glandula,delta_0,0.0851345035390888
98,chthamalus_dalli,delta_0,0.1689987964364028
98,limpets,delta_0,0.0028345670137153167
98,balanus_glandula,delta_c,0.8915316318798423
98,chthamalus_dalli,delta_c,0.30152851769556355
98,limpets,delta_c,-0.47211818339210354
98,balanus_glandula,delta_p,0.08403195598138313
98,chthamalus_dalli,delta_p,0.17149446412909963
98,limpets,delta_p,0.0027018013835380383
98,balanus_glandula,r_bar,0.28344486813602265
98,chthamalus_dalli,r_bar,0.04159646219969382
98,limpets,r_bar,-0.6437847229762756
98,balanus_glandula,delta_cp,-0.7772532232642917
98,chthamalus_dalli,delta_cp,-0.6004253160613722
98,limpets,delta_cp,-0.17720290798142546
99,balanus_glandula,delta_0,0.07466641566541388
99,chthamalus_dalli,delta_0,0.16187335728499996
99,limpets,delta_0,0.0031250135350533448
99,balanus_glandula,delta_c,0.9062181628707175
99,chthamalus_dalli,delta_c,1.1115410867749498
99,limpets,delta_c,-0.6382018529146105
99,balanus_glandula,delta_p,0.07469652675848981
99,chthamalus_dalli,delta_p,0.16529895204700806
99,limpets,delta_p,0.002987101744504672
99,balanus_glandula,r_bar,0.2500980722713262
99,chthamalus_dalli,r_bar,0.14933638509127012
99,limpets,r_bar,-0.5641823331154272
99,balanus_glandula,delta_cp,-0.8054830330232949
99,chthamalus_dalli,delta_cp,-1.2893770110156877
99,limpets,delta_cp,0.06790740451962529
100,balanus_glandula,delta_0,0.1277543469057727
100,chthamalus_dalli,delta_0,0.13671525947565932
100,limpets,delta_0,0.0031349119910254464
100,balanus_glandula,delta_c,0.48501494839316983
100,chthamalus_dalli,delta_c,0.09982884715182383
100,limpets,delta_c,-0.6473153073910418
100,balanus_glandula,delta_p,0.1276735212191189
100,chthamalus_dalli,delta_p,0.13701943142652673
100,limpets,delta_p,0.003018373590015777
100,balanus_glandula,r_bar,0.7617162826417425
100,chthamalus_dalli,r_bar,-0.009029913551727331
100,limpets,r_bar,-0.7469175869363105
100,balanus_glandula,delta_cp,0.021273466123681084
100,chthamalus_dalli,delta_cp,-0.3825934516057372
100,limpets,delta_cp,-0.1057555651263099
